{
  "accuracy": 0.9856502242152466,
  "precision": 0.9925925925925926,
  "recall": 0.8993288590604027,
  "f1": 0.9436619718309859
}